十里長亭,にゃ〜ん,50,22348658
十死一生,花月,49,16815409
十字砲火,エール団,24,15267882
十戦十勝,傾城の絆,46,14424208
十花百覧,花咲くいろは,47,12812230
四海兄弟,天下統一,31,11144707
八相成道,おにぎり工房,23,10997602
十里長亭,M000,48,10461623
六塵不染,蜂蜜甘党船,33,9488942
一騎当千,ΘRESET,14,9307865
一人之軍,神羅,30,8771886
十字砲火,姫の杜,43,7640252
七行具下,新鮮組,28,7274277
一騎当千,アクティブ,48,7237501
七行具下,続・たぬき団,22,7142291
十字砲火,ピスポーク,25,7034386
十戦十勝,幻影旅団祭,50,7033613
六塵不染,ごまハウス,27,6862041
十字砲火,もなこ,22,6032260
四海兄弟,散蓮華,36,6011049
十中八九,無想転生,50,20866609
八元八凱,帰宅部,50,17877838
六根清浄,戯れの場,49,15065894
六出繽飛,blue,43,14785596
十寒一暴,桃園,43,12807426
八百八町,Raise,49,10833793
四鳥別離,紫陽花,46,10299274
十寒一暴,のんびり放置,46,10208479
十全十美,glico,47,9980162
四面楚歌,放課後倶楽部,49,9958390
二缶鐘惑,自由,44,9926580
六出繽飛,沙羅双樹,45,9594512
二恵競爽,天衣無縫,36,9358238
八百八町,獅子奮迅,39,8711098
十人十色,千秋楽,38,8390859
八百諸侯,甚平,34,8022451
三更半夜,ウンディーネ,43,7867164
三更半夜,有楽亭,30,6863932
二缶鐘惑,新選組,32,6738298
六出繽飛,冬虫夏草[s237],31,6696718
八公草木,八咫烏,50,23644581
八字打開,百花繚乱,49,12706901
十日之菊,今日も快晴☆,48,12200559
二桃三士,心機ひなた家,44,12132295
八字打開,ゆにばぁす,46,12129121
四肢五体,桜花爛漫乙女,47,11895445
八百孤寒,ラビリンス,46,11366096
十万億土,天舞,48,10894727
十日之菊,ふわふわの里,50,10755909
十日之菊,月光安寧,38,10683289
四平八穏,猫王子,48,10246485
八索九丘,オマルーン,25,9710790
六言六蔽,車輪の国,33,9588412
四海同胞,ふろんてぃあ,45,9241718
四無量心,音響部,37,8685121
六言六蔽,華はな,42,7984285
二八蕎麦,りすぺくと。,29,7906148
四門遊観,ノラの方舟弍,33,7541141
八方支援,太陽,37,7316390
八方支援,Chloe,27,7274432
四海八荒,放置帝国,48,18606432
十日一水,雲上の理想国[s70],49,18051345
十誡五倫,ジェラート,50,14291784
四絃一撥,お魚桃源郷,50,12635406
二満三平,のらくろ,46,12127617
六十六部,いちご,43,11132822
八重旗雲,スレイヤーズ[s239],44,11101205
二六時中,竹輪と砂肝,45,10996887
八重旗雲,冷凍惣菜軍,49,9172203
二満三平,破邪之暁,25,8096374
四海八荒,まったり,47,7553964
四海八荒,ゆきやこんこ,50,7257638
八大地獄,維新志士[s159],45,6992999
十日一水,紅のお月見,47,6951309
八重旗雲,帝国華撃団[s239],42,6526669
二虎競食,オルガズム,33,6491546
二六時中,・お犬村・[s133],33,6475074
二虎競食,ワルキューレ,17,6352727
四海承風,大人のお茶会,30,5853158
四絃一撥,夜遊屋本舗,28,5767295
二旬九食,大日本帝国[s223],50,26105323
八熱地獄,沙羅双樹[s249],49,13520824
四衢八街,チョコレー党,46,13322451
四衢八街,無気力,50,12848950
八熱地獄,天下統一,46,12731533
六法全書,reGina,46,12697920
四海竜王,旅猫ちゃん,29,11645270
二束三文,星組,50,11128791
六趣四生,咖喱は飲み物,46,9507252
二旬九食,☆煌姫☆,47,9354796
六順七徳,星空☆,31,8489917
四荒八極,おやつの時間,29,8352954
二次三番,餅月のうさぎ,33,8231865
十年一日,ぬこ歓迎,33,8034517
二束三文,蒼き鋼,34,6981135
十年一日,ちょこっ島,47,6942252
十語五草,☆白夜☆,36,6762244
六尺之狐,HOPE,38,6691583
四海竜王,ほうちぷれい,27,6673470
四海竜王,アルバトロス,47,6618618
八方美人,成り上がり,48,16532607
六時三昧,リベリオン,48,15915248
四書五経,RR[s55],47,12970827
六合同風,カイマナ,50,11743104
八百八橋,雪月風花,44,10468266
六貫一足,風雲[s197],50,10330705
七青八黄,Noir,35,10016820
六月飛霜,狼と香辛料亭,33,9533619
四曼不離,☆五大明王☆,35,8434831
四十不惑,にゃんこ工房,46,8377621
十発十中,レムリア,38,8051607
六合之内,EDEN,22,7915563
四十不惑,エンジョイ勢,15,7722203
四書五経,梁山泊,46,7668277
六町一里,あそこの玉屋[s187],24,7471909
六貫一足,無双特殊部隊,31,7462729
七青八黄,DazLay,31,7248397
十十無尽,放置戦記[s41],24,7199549
十年一昔,☆気楽喜楽☆[s61],37,6979160
四曼不離,あかね,31,6530487
十風五雨,無限回廊,49,13743407
二人同心,紫陽花,37,12531589
二分明月,BAR夢幻,46,12442584
十風五雨,宇宙戦艦紅蓮,48,12302298
四角四面,放置少女民[s155],30,11541265
六十耳順,メゾンデル,50,10519364
十年寒窓,❀絆❀,32,10061303
十羊九牧,蠱毒,46,9603911
二十四旗,元老院,36,9292582
二八年華,天之驕子,48,9189021
六通四辟,ねこみみ神社,37,8695138
二八年華,朱雀の詩,39,8689622
二八年華,艶姫の華,33,8607613
二十四旗,jojo,29,8450171
六通四辟,六通輪廻,43,8384304
六十耳順,鬼嫁の憂鬱,37,8058656
二分明月,もいランド(株)[s273],45,7736021
八面六臂,胡蝶蘭,18,7689121
八方行灯,疾風迅雷,33,7642294
二八年華,無双乱舞,22,7499626
十五志学,六花,49,30258913
八磚学士,かなな,49,22739963
四苦八苦,HERO,49,22731261
二話不説,よ〜いどん！,45,17258501
二十四友,黄緑組,50,17231865
十五志学,十五志学,50,12053295
四方八方,どうぶつの森,48,11644826
八万四千,大豆帝国,42,9858448
十善万乗,死神永世,23,9418799
九死一生,浮雲,34,9329488
一将功成,黒船☆放置,41,9127659
十善万乗,野クル⛰️,32,8801586
二十四友,山賊みれにあ[s233],48,8801446
二股膏薬,灼鬼切,42,8741161
八紘一宇,絆歌,32,8660791
六出粉飛,ARK,20,8155681
十善万乗,風神雷神,35,8142055
八万四千,九変化,33,8012395
二河白道,未参加,18,7906445
一将功成,午後Tea,30,7820524
九星連珠,空蝉,38,18627674
二枚看板,クマさんズ[s253],47,17374388
二三君子,二三が穴,41,16815438
八方画策,ごきげんよう,49,14843384
六神無主,繚乱,42,14680741
二童一馬,帝国☆華撃団,50,14136855
八咫之鏡,ガチ放浪記,44,14055974
五行八作,Mocha,40,13995432
六道四生,ぱんだの森,20,11959657
十便十宜,HUNTER,41,11347959
八街九畦,曹魏,38,10740391
六神無主,櫻華絢爛,23,10479825
二泉映月,Z−666,20,10264105
八咫之鏡,龍吟虎嘯,44,9974053
十面埋伏,昊土喫茶誠団,31,9883376
八街九畦,《天然温泉》,42,9778420
六朝金粉,和み亭,50,8327057
二枚看板,天照,37,8195945
八咫之鏡,反撃の狼煙,28,8066497
十便十宜,地元最強,20,8029858
八方風雨,Z戦士,35,16961338
二律背反,あろんざ。,50,15438773
十年磨剣,蒼穹,49,14715928
八十氏人,しゃんぐりら[s179],50,11838422
四神相応,orion[s175],42,11491927
四塞之国,妖精の森,34,9637403
八月飛雪,海老反り,29,9373371
二帝三王,無法痴態,40,8551966
八寒八熱,りんご♡ぱい,22,8518852
六畜繁栄,夜断,36,8224210
八方風雨,天壌無窮,50,8078127
六畜繁栄,桃尻乙女庭園,35,7583814
二帝三王,詠花吟月[s42],49,7107582
三生三世,夕凪,30,6888732
六合時間,SFIDA,28,6801267
六合時間,Xanadu,45,6137878
二転三転,かめハウス,24,6105123
十年磨剣,いちごパフェ,42,6090726
二善三福,梁塵秘抄,35,5940364
三生三世,花鳥風月改,31,5872407